candidate_id,family,dish,utensil,action,dataset,class_id,class_name,dataset_relative_image,source_path,source_sha256,width,height,format,dhash64,exact_duplicate_group,near_duplicate_review,license_status,pilot_only,has_target_utensil,has_target_action,food_visible,container_visible,edit_space,manual_status,exclusion_reason,freeze_status,split
soup_001,liquid,soup,spoon,scoop_liquid,UECFOOD256,36,miso soup,36/15571.jpg,/host/data/dataset/UECFOOD/UECFOOD256/36/15571.jpg,ef6a652e904880878e50606f59e986cfc62281e1231f0de8800bf8a6109acbd1,640,382,JPEG,4b4e6c9ada5b9a98,,,UECFOOD256_noncommercial_research_only,false,unknown,unknown,false,unknown,unknown,excluded:codex_visual_review_v3_final_board_audit,food_not_dominant_multiple_dishes,excluded,unassigned
soup_002,liquid,soup,spoon,scoop_liquid,UECFOOD256,37,potage,37/3615.jpg,/host/data/dataset/UECFOOD/UECFOOD256/37/3615.jpg,b8f3997d9919d5348c7f27a4c815b38e4aa9798782abb61cbb2ce697285160eb,450,338,JPEG,cbc38b2b461e3fcd,,,UECFOOD256_noncommercial_research_only,false,false,false,true,true,true,eligible:codex_visual_review_v3_final_board_audit,,provisional_frozen,pilot
soup_003,liquid,soup,spoon,scoop_liquid,UECFOOD256,89,Japanese tofu and vegetable chowder,89/14013.jpg,/host/data/dataset/UECFOOD/UECFOOD256/89/14013.jpg,45f6fe48c3de5f6038df1f674cf23a40660121cd299ad00c61463995791ba2c2,800,600,JPEG,4393e0e68c6e4689,,,UECFOOD256_noncommercial_research_only,false,unknown,unknown,false,unknown,unknown,excluded:codex_visual_review_v3_final_board_audit,food_not_dominant_multiple_dishes,excluded,unassigned
soup_004,liquid,soup,spoon,scoop_liquid,UECFOOD256,90,pork miso soup,90/12201.jpg,/host/data/dataset/UECFOOD/UECFOOD256/90/12201.jpg,ed2b52818f519db266783067e8c0eaa3bfcf8dc0ac7af196d949ec5ec4154a9c,500,333,JPEG,78e7c79d9b9dcf67,,,UECFOOD256_noncommercial_research_only,false,false,false,true,true,true,eligible:codex_visual_review_v3_final_board_audit,,provisional_frozen,test
soup_005,liquid,soup,spoon,scoop_liquid,UECFOOD256,91,chinese soup,91/15601.jpg,/host/data/dataset/UECFOOD/UECFOOD256/91/15601.jpg,b65130cc796ad373e3ccb75a17acecac444d7fc778b4cd6b7fea930674504182,600,356,JPEG,266599272c2d2d0d,,,UECFOOD256_noncommercial_research_only,false,true,unknown,unknown,unknown,unknown,excluded:codex_visual_review_v3_final_board_audit,target_utensil_visible,excluded,unassigned
soup_006,liquid,soup,spoon,scoop_liquid,UECFOOD256,105,jjigae,105/182971.jpg,/host/data/dataset/UECFOOD/UECFOOD256/105/182971.jpg,fe7727731b04b85fab07e7847375b2f138dafb5c9a45cb1937024ac23d84c1ce,500,375,JPEG,61cc9e96071a8ecc,,,UECFOOD256_noncommercial_research_only,false,false,false,true,true,true,eligible:codex_visual_review_v3_final_board_audit,,provisional_frozen,test
soup_007,liquid,soup,spoon,scoop_liquid,UECFOOD256,128,minestrone,128/74344.jpg,/host/data/dataset/UECFOOD/UECFOOD256/128/74344.jpg,500d1085b4ddc3e58dc25b97e5ae2c88637086b8546a3e4facb6cc83bc7019cb,577,433,JPEG,3379fcdce0f0c0e1,,,UECFOOD256_noncommercial_research_only,false,true,unknown,unknown,unknown,unknown,excluded:codex_visual_review_v3_final_board_audit,target_utensil_visible,excluded,unassigned
soup_008,liquid,soup,spoon,scoop_liquid,UECFOOD256,129,pot au feu,129/188077.jpg,/host/data/dataset/UECFOOD/UECFOOD256/129/188077.jpg,5f130c7ddb6b88233e9efe9f544f40b1f9e688fbb7f02cc303e90bb58cd53c86,375,500,JPEG,0f0fc5e193b70f0c,,,UECFOOD256_noncommercial_research_only,false,false,false,true,true,true,eligible:codex_visual_review_v3_final_board_audit,,provisional_frozen,pilot
soup_009,liquid,soup,spoon,scoop_liquid,UECFOOD256,135,clear soup,135/190761.jpg,/host/data/dataset/UECFOOD/UECFOOD256/135/190761.jpg,75e6f45ac334812ed5c4f639d86d167201a9caba7efb9ed4afbde7ad57e22421,500,375,JPEG,cc0341c543533f3e,,,UECFOOD256_noncommercial_research_only,false,false,false,true,true,true,eligible:codex_visual_review_v3_final_board_audit,,provisional_frozen,test
soup_010,liquid,soup,spoon,scoop_liquid,UECFOOD256,156,fried pork dumplings served in soup,156/198841.jpg,/host/data/dataset/UECFOOD/UECFOOD256/156/198841.jpg,90a6355f81a0971cabd38dde2104a99b9366d8875eb01eb18177a9389b535998,500,500,JPEG,0e2fdbcfc3d13932,,,UECFOOD256_noncommercial_research_only,false,false,false,true,true,true,eligible:codex_visual_review_v3_final_board_audit,,provisional_frozen,test
soup_011,liquid,soup,spoon,scoop_liquid,UECFOOD256,168,hot pot,168/114934.jpg,/host/data/dataset/UECFOOD/UECFOOD256/168/114934.jpg,06f33e716c69fbf1b42e60ec8a0cc0d528cc6269920c0ea1355ad356f322b698,500,500,JPEG,83130e8f1f0b8786,,,UECFOOD256_noncommercial_research_only,false,unknown,unknown,unknown,unknown,unknown,excluded:codex_visual_review_v3_final_board_audit,utensil_visibility_ambiguous,excluded,unassigned
soup_012,liquid,soup,spoon,scoop_liquid,UECFOOD256,173,beef noodle soup,173/117120.jpg,/host/data/dataset/UECFOOD/UECFOOD256/173/117120.jpg,1a1dee89b1f3117f39e2e9d83c56d6dd59ab91b3b37311342190f7fe606efe3a,577,433,JPEG,831b6d64745c3b8e,,,UECFOOD256_noncommercial_research_only,false,true,unknown,unknown,unknown,unknown,excluded:codex_visual_review_v3_final_board_audit,target_utensil_visible,excluded,unassigned
soup_013,liquid,soup,spoon,scoop_liquid,UECFOOD256,176,fish ball soup,176/114736.jpg,/host/data/dataset/UECFOOD/UECFOOD256/176/114736.jpg,eb44fd6047f3e364813a84ca96fc7ca3be998403fa1a15b7461463dcf7e74755,500,500,JPEG,7b131b5f731b3747,,,UECFOOD256_noncommercial_research_only,false,false,false,true,true,true,eligible:codex_visual_review_v3_final_board_audit,,reserve,unassigned
soup_014,liquid,soup,spoon,scoop_liquid,UECFOOD256,183,Sour prawn soup,183/306517.jpg,/host/data/dataset/UECFOOD/UECFOOD256/183/306517.jpg,db3d405fdad33bbbdf180109961df2eed9a238b5685e6ccddbcf7037d629ace5,500,500,JPEG,61490e163d8d7831,,,UECFOOD256_noncommercial_research_only,false,false,false,true,true,true,eligible:codex_visual_review_v3_final_board_audit,,reserve,unassigned
soup_015,liquid,soup,spoon,scoop_liquid,UECFOOD256,186,"hot and sour, fish and vegetable ragout",186/310054.jpg,/host/data/dataset/UECFOOD/UECFOOD256/186/310054.jpg,e4713705d2c8422f0177fd5afdebf4b5cbb0c6c8ea640675869241bd81432a6b,500,500,JPEG,4c7ee1e88ceaf9a3,,,UECFOOD256_noncommercial_research_only,false,false,false,true,true,true,eligible:codex_visual_review_v3_final_board_audit,,provisional_frozen,pilot
soup_016,liquid,soup,spoon,scoop_liquid,UECFOOD256,201,Wonton soup,201/115914.jpg,/host/data/dataset/UECFOOD/UECFOOD256/201/115914.jpg,35d9f0fc643c87778e9c651e6ccefe9bd754247c87d777fe6a8036f2d9fad54d,500,375,JPEG,1f39646642501c81,,,UECFOOD256_noncommercial_research_only,false,true,unknown,unknown,unknown,unknown,excluded:codex_visual_review_v3_final_board_audit,target_utensil_visible,excluded,unassigned
soup_017,liquid,soup,spoon,scoop_liquid,UECFOOD256,205,coconut milk soup,205/205989.jpg,/host/data/dataset/UECFOOD/UECFOOD256/205/205989.jpg,ad09854b547537b73d045f2c219bb8ae61a6993fc3bd6e4b3ba445e33090db1a,578,432,JPEG,f1b5e0e0e26463e3,,,UECFOOD256_noncommercial_research_only,false,false,false,true,true,true,eligible:codex_visual_review_v3_final_board_audit,,provisional_frozen,pilot
soup_018,liquid,soup,spoon,scoop_liquid,UECFOOD256,221,oxtail soup,221/223330.jpg,/host/data/dataset/UECFOOD/UECFOOD256/221/223330.jpg,846f925af4708259f7505713f700272ac9a26261b60051ef2abdd3fec5fe3c32,500,500,JPEG,392d46b19cd2b8f8,,,UECFOOD256_noncommercial_research_only,false,false,false,true,true,true,eligible:codex_visual_review_v3_final_board_audit,,provisional_frozen,pilot
soup_019,liquid,soup,spoon,scoop_liquid,UECFOOD256,240,bak kut teh,240/255011.jpg,/host/data/dataset/UECFOOD/UECFOOD256/240/255011.jpg,fad41cd43caffcf602f0b2ea95b13a7774725b383dd01ee27709bfbacff1cea3,614,406,JPEG,39397cd8dc69a991,,,UECFOOD256_noncommercial_research_only,false,false,false,true,true,true,eligible:codex_visual_review_v3_final_board_audit,,reserve,unassigned
soup_020,liquid,soup,spoon,scoop_liquid,UECFOOD256,252,winter melon soup,252/335578.jpg,/host/data/dataset/UECFOOD/UECFOOD256/252/335578.jpg,ec18ce3876d22def37ce038c5738b44bcb1c0e3e0596889352dd0f0689926274,300,300,JPEG,70f486c7e3238ec4,,,UECFOOD256_noncommercial_research_only,false,false,false,true,true,true,eligible:codex_visual_review_v3_final_board_audit,,reserve,unassigned
soup_021,liquid,soup,spoon,scoop_liquid,UECFOOD256,256,hot & sour soup,256/334024.jpg,/host/data/dataset/UECFOOD/UECFOOD256/256/334024.jpg,5cb96b9e88117acd2b677f6111a20f624f571937eef26be049872ae69d85dcd3,441,373,JPEG,473374c2d4319241,,,UECFOOD256_noncommercial_research_only,false,false,false,true,true,true,eligible:codex_visual_review_v3_final_board_audit,,provisional_frozen,test
soup_022,liquid,soup,spoon,scoop_liquid,UECFOOD256,36,miso soup,36/942.jpg,/host/data/dataset/UECFOOD/UECFOOD256/36/942.jpg,191e296d364120da52540ee20b1aba75010b217612582fccdcbfc753d51a9dc6,240,180,JPEG,3cfcd4ccc6d6643c,,,UECFOOD256_noncommercial_research_only,false,unknown,unknown,false,unknown,unknown,excluded:codex_visual_review_v3_final_board_audit,food_not_dominant_multiple_dishes,excluded,unassigned
soup_023,liquid,soup,spoon,scoop_liquid,UECFOOD256,37,potage,37/16737.jpg,/host/data/dataset/UECFOOD/UECFOOD256/37/16737.jpg,94983f84bfcdc266ac50ce7326fa9e45af9cf4e94d383acdcf3f5aad9f13d376,460,345,JPEG,1d1c3e3e9c81c383,,,UECFOOD256_noncommercial_research_only,false,false,false,true,true,true,eligible:codex_visual_review_v3_final_board_audit,,reserve,unassigned
soup_024,liquid,soup,spoon,scoop_liquid,UECFOOD256,89,Japanese tofu and vegetable chowder,89/12113.jpg,/host/data/dataset/UECFOOD/UECFOOD256/89/12113.jpg,5831b39968e3262771cbbe9b7b4bf08eff4e1c78bb3f14b51a0434e7dd3070d8,280,210,JPEG,316ccec2d6cc6879,,,UECFOOD256_noncommercial_research_only,false,false,false,true,true,true,eligible:codex_visual_review_v3_final_board_audit,,provisional_frozen,test
soup_025,liquid,soup,spoon,scoop_liquid,UECFOOD256,90,pork miso soup,90/12227.jpg,/host/data/dataset/UECFOOD/UECFOOD256/90/12227.jpg,f7ce88ffd21f867531d2aa502d837897bffbe10159f06171386ef5ccbae71dd6,500,700,JPEG,6f78860f332d0f8f,,,UECFOOD256_noncommercial_research_only,false,false,false,true,true,true,eligible:codex_visual_review_v3_final_board_audit,,provisional_frozen,test
soup_026,liquid,soup,spoon,scoop_liquid,UECFOOD256,91,chinese soup,91/12295.jpg,/host/data/dataset/UECFOOD/UECFOOD256/91/12295.jpg,3b620b89ce331c1e1fd298c14ce575a857f6d74507b88e22a5db6cb0fdd0aeb3,800,529,JPEG,707064642672c0a4,,,UECFOOD256_noncommercial_research_only,false,true,unknown,unknown,unknown,unknown,excluded:codex_visual_review_v3_final_board_audit,target_utensil_visible,excluded,unassigned
soup_027,liquid,soup,spoon,scoop_liquid,UECFOOD256,105,jjigae,105/68479.jpg,/host/data/dataset/UECFOOD/UECFOOD256/105/68479.jpg,d03f407aa7ab904d7818ea50c572a48ebec43a267d8455f0c1beb2b1feab0ea3,500,375,JPEG,7ce44a1b1f0f8ce0,,,UECFOOD256_noncommercial_research_only,false,true,unknown,unknown,unknown,unknown,excluded:codex_visual_review_v3_final_board_audit,target_utensil_visible,excluded,unassigned
soup_028,liquid,soup,spoon,scoop_liquid,UECFOOD256,128,minestrone,128/11790.jpg,/host/data/dataset/UECFOOD/UECFOOD256/128/11790.jpg,b38eadd82c7522e549f98907a0bfb350deb53e5c3f741e05600a5427a127f79c,617,404,JPEG,d353636969323c1e,,,UECFOOD256_noncommercial_research_only,false,false,false,true,true,true,eligible:codex_visual_review_v3_final_board_audit,,provisional_frozen,test
soup_029,liquid,soup,spoon,scoop_liquid,UECFOOD256,129,pot au feu,129/187631.jpg,/host/data/dataset/UECFOOD/UECFOOD256/129/187631.jpg,7135277f2d5a0b1b9abb4cb9a558b589aa3e50ebdb80eed38cdcdd53f54b3e23,500,500,JPEG,1be38646241c860d,,,UECFOOD256_noncommercial_research_only,false,false,false,true,true,true,eligible:codex_visual_review_v3_final_board_audit,,provisional_frozen,test
soup_030,liquid,soup,spoon,scoop_liquid,UECFOOD256,135,clear soup,135/191358.jpg,/host/data/dataset/UECFOOD/UECFOOD256/135/191358.jpg,82ecaec9cf2e34523b5ba3c0e6c827988ccde848a26f6ea3dc7412682525ef49,500,375,JPEG,e9dcac8abc9cd9c3,,,UECFOOD256_noncommercial_research_only,false,false,false,true,true,true,eligible:codex_visual_review_v3_final_board_audit,,reserve,unassigned
soup_031,liquid,soup,spoon,scoop_liquid,UECFOOD256,156,fried pork dumplings served in soup,156/54786.jpg,/host/data/dataset/UECFOOD/UECFOOD256/156/54786.jpg,3c72f4100fac99824e62322b8defb414b72f219cfa12448a50d2dca18807be9d,500,500,JPEG,02209e0c0516736a,,,UECFOOD256_noncommercial_research_only,false,false,false,true,true,true,eligible:codex_visual_review_v3_final_board_audit,,provisional_frozen,test
soup_032,liquid,soup,spoon,scoop_liquid,UECFOOD256,168,hot pot,168/35925.jpg,/host/data/dataset/UECFOOD/UECFOOD256/168/35925.jpg,d3a2dc6254429275925404c069cda28fd81ff8a92df9423ed16b00a660dd1c8d,613,407,JPEG,9a03cd968e2707c2,,,UECFOOD256_noncommercial_research_only,false,true,unknown,unknown,unknown,unknown,excluded:codex_visual_review_v3_final_board_audit,target_utensil_visible,excluded,unassigned
rice_001,granular,fried_rice,spoon_or_spatula,scoop_payload,UECFOOD256,9,fried rice,9/15518.jpg,/host/data/dataset/UECFOOD/UECFOOD256/9/15518.jpg,3447034089beb0197bb66e7e6cecd2d9f6a3e0e16a07d0ca9f1cc16faa6ccd67,600,448,JPEG,35b198686ca4d1c8,,,UECFOOD256_noncommercial_research_only,false,false,false,true,true,true,eligible:codex_visual_review_v3_final_board_audit,,reserve,unassigned
rice_002,granular,fried_rice,spoon_or_spatula,scoop_payload,UECFOOD256,227,nasi goreng,227/300451.jpg,/host/data/dataset/UECFOOD/UECFOOD256/227/300451.jpg,e22d11d4826578692a83cefd9ad9ef819a7afbed715d22b8c32f3a06d5c45cbc,500,500,JPEG,2703e88e99b5c16b,,,UECFOOD256_noncommercial_research_only,false,false,false,true,true,true,eligible:codex_visual_review_v3_final_board_audit,,provisional_frozen,test
rice_003,granular,fried_rice,spoon_or_spatula,scoop_payload,UECFOOD256,9,fried rice,9/897.jpg,/host/data/dataset/UECFOOD/UECFOOD256/9/897.jpg,b62ab23fc62c0619c1c60110099c4599716fa025c2439609a928e265928b277e,352,288,JPEG,30e68ddbf2ba1c46,,,UECFOOD256_noncommercial_research_only,false,false,false,true,true,true,eligible:codex_visual_review_v3_final_board_audit,,provisional_frozen,test
rice_004,granular,fried_rice,spoon_or_spatula,scoop_payload,UECFOOD256,227,nasi goreng,227/292178.jpg,/host/data/dataset/UECFOOD/UECFOOD256/227/292178.jpg,c683057c80848b96a91eab66f5aaf0f09844e49aa2a5bc9675fb5f38466a8199,500,500,JPEG,f8dc8ce6cce4c4e6,,,UECFOOD256_noncommercial_research_only,false,false,false,true,true,true,eligible:codex_visual_review_v3_final_board_audit,,reserve,unassigned
rice_005,granular,fried_rice,spoon_or_spatula,scoop_payload,UECFOOD256,9,fried rice,9/883.jpg,/host/data/dataset/UECFOOD/UECFOOD256/9/883.jpg,527d2d58861d2fc579eadd7d79bec53f40e4021bf24cb4d5d52054db2ab47db1,640,480,JPEG,070b4f471b132ecc,,,UECFOOD256_noncommercial_research_only,false,true,unknown,unknown,unknown,unknown,excluded:codex_visual_review_v3_final_board_audit,target_utensil_visible,excluded,unassigned
rice_006,granular,fried_rice,spoon_or_spatula,scoop_payload,UECFOOD256,227,nasi goreng,227/290296.jpg,/host/data/dataset/UECFOOD/UECFOOD256/227/290296.jpg,f7d8aeb91da5c474863ab23d9a08d5ef7228b9af964c70404297fa5d2e48c76f,500,500,JPEG,4164e8c9c4f0930f,,,UECFOOD256_noncommercial_research_only,false,false,false,true,true,true,eligible:codex_visual_review_v3_final_board_audit,,reserve,unassigned
rice_007,granular,fried_rice,spoon_or_spatula,scoop_payload,UECFOOD256,9,fried rice,9/830.jpg,/host/data/dataset/UECFOOD/UECFOOD256/9/830.jpg,74760138376fb3aeb12c4f3d409e9b4711f061da3d5e710ce02ad8ff7bcdf814,220,165,JPEG,6acae9d450d2491b,,,UECFOOD256_noncommercial_research_only,false,false,false,true,true,true,eligible:codex_visual_review_v3_final_board_audit,,provisional_frozen,pilot
rice_008,granular,fried_rice,spoon_or_spatula,scoop_payload,UECFOOD256,227,nasi goreng,227/299952.jpg,/host/data/dataset/UECFOOD/UECFOOD256/227/299952.jpg,3fe625d71d8b622c0f463e7bc3f3b1e31a3ec7e248f9a9dd0639c8eb67183217,433,577,JPEG,193d6f9b0bc55b3b,,,UECFOOD256_noncommercial_research_only,false,true,unknown,unknown,unknown,unknown,excluded:codex_visual_review_v3_final_board_audit,target_utensil_visible,excluded,unassigned
rice_009,granular,fried_rice,spoon_or_spatula,scoop_payload,UECFOOD256,9,fried rice,9/9054.jpg,/host/data/dataset/UECFOOD/UECFOOD256/9/9054.jpg,cae159edeaadbe22baab5c117e2b36dec5b7de62b5e57018040793fd41fdbe9c,640,480,JPEG,1f2460ccc8d13b8e,,,UECFOOD256_noncommercial_research_only,false,true,unknown,unknown,unknown,unknown,excluded:codex_visual_review_v3_final_board_audit,target_utensil_visible,excluded,unassigned
rice_010,granular,fried_rice,spoon_or_spatula,scoop_payload,UECFOOD256,227,nasi goreng,227/270883.jpg,/host/data/dataset/UECFOOD/UECFOOD256/227/270883.jpg,cb1aa304c70462850d617941123621c78997e9f94fd1c2e0c4272c3691edc35d,612,408,JPEG,c3f5fc9ca61eecde,,,UECFOOD256_noncommercial_research_only,false,false,false,true,true,true,eligible:codex_visual_review_v3_final_board_audit,,provisional_frozen,test
rice_011,granular,fried_rice,spoon_or_spatula,scoop_payload,UECFOOD256,9,fried rice,9/865.jpg,/host/data/dataset/UECFOOD/UECFOOD256/9/865.jpg,57682b7bf6dd4703afa0deeff8bbcb42f1ee6b2f782fdbf0d4d3001fe5c3f60e,200,150,JPEG,3f63e3c78989cb63,,,UECFOOD256_noncommercial_research_only,false,false,false,true,true,true,eligible:codex_visual_review_v3_final_board_audit,,provisional_frozen,test
rice_012,granular,fried_rice,spoon_or_spatula,scoop_payload,UECFOOD256,227,nasi goreng,227/289467.jpg,/host/data/dataset/UECFOOD/UECFOOD256/227/289467.jpg,2282afc1c5facb3f5016c96bced26350d1c4599939c4037248b50d6434d4cf45,500,500,JPEG,1271a6c3b894ccf8,,,UECFOOD256_noncommercial_research_only,false,false,false,true,true,true,eligible:codex_visual_review_v3_final_board_audit,,provisional_frozen,test
rice_013,granular,fried_rice,spoon_or_spatula,scoop_payload,UECFOOD256,9,fried rice,9/852.jpg,/host/data/dataset/UECFOOD/UECFOOD256/9/852.jpg,5de64c117f889ae18f5c5fa201095bfb885f8ce9c7b5922a1695d61f215bfeea,800,600,JPEG,2775636455793307,,,UECFOOD256_noncommercial_research_only,false,true,unknown,unknown,unknown,unknown,excluded:codex_visual_review_v3_final_board_audit,target_utensil_visible,excluded,unassigned
rice_014,granular,fried_rice,spoon_or_spatula,scoop_payload,UECFOOD256,227,nasi goreng,227/292304.jpg,/host/data/dataset/UECFOOD/UECFOOD256/227/292304.jpg,cd908f76b873af7e59992f026258c1d029ab2aebc6a8691e2e12c647fb32ce6b,500,500,JPEG,1321f0a091d0e0d6,,,UECFOOD256_noncommercial_research_only,false,false,false,true,true,true,eligible:codex_visual_review_v3_final_board_audit,,provisional_frozen,test
rice_015,granular,fried_rice,spoon_or_spatula,scoop_payload,UECFOOD256,9,fried rice,9/14082.jpg,/host/data/dataset/UECFOOD/UECFOOD256/9/14082.jpg,4b189a303b403fd052dc44cae987f854966003f94b6563bd8912ce3caf136756,640,480,JPEG,c383a5cc583c5c1d,,,UECFOOD256_noncommercial_research_only,false,unknown,unknown,unknown,unknown,unknown,excluded:codex_visual_review_v3_final_board_audit,food_identity_ambiguous,excluded,unassigned
rice_016,granular,fried_rice,spoon_or_spatula,scoop_payload,UECFOOD256,227,nasi goreng,227/299086.jpg,/host/data/dataset/UECFOOD/UECFOOD256/227/299086.jpg,9c08284b442a6fe3e6918a4c298a4e5fc6e517f3d8ff4da83983db38b704d00f,500,500,JPEG,bf33f0dcb8e0c61b,,,UECFOOD256_noncommercial_research_only,false,false,false,true,true,true,eligible:codex_visual_review_v3_final_board_audit,,provisional_frozen,pilot
rice_017,granular,fried_rice,spoon_or_spatula,scoop_payload,UECFOOD256,9,fried rice,9/864.jpg,/host/data/dataset/UECFOOD/UECFOOD256/9/864.jpg,40334199418a5533244e8d04e088ce3431d4486001b6cfcf73c5393385c92471,320,240,JPEG,d3b96d7c6c7c3c1d,,,UECFOOD256_noncommercial_research_only,false,false,false,true,true,true,eligible:codex_visual_review_v3_final_board_audit,,provisional_frozen,test
rice_018,granular,fried_rice,spoon_or_spatula,scoop_payload,UECFOOD256,227,nasi goreng,227/290846.jpg,/host/data/dataset/UECFOOD/UECFOOD256/227/290846.jpg,7163cfb9e0e67408c2aa8fe50e61dc4c088756c92d4612da6d38d589820508ca,500,500,JPEG,1e6369a50489e161,,,UECFOOD256_noncommercial_research_only,false,unknown,unknown,unknown,unknown,unknown,excluded:codex_visual_review_v3_final_board_audit,other_utensil_visible,excluded,unassigned
rice_019,granular,fried_rice,spoon_or_spatula,scoop_payload,UECFOOD256,9,fried rice,9/13743.jpg,/host/data/dataset/UECFOOD/UECFOOD256/9/13743.jpg,aa446b5d0a2f83e8ed84cff1435a78f77ec6a98ef723150039afd52681b6991f,640,480,JPEG,9a3b25bab6bfb772,,,UECFOOD256_noncommercial_research_only,false,true,unknown,unknown,unknown,unknown,excluded:codex_visual_review_v3_final_board_audit,target_utensil_visible,excluded,unassigned
rice_020,granular,fried_rice,spoon_or_spatula,scoop_payload,UECFOOD256,227,nasi goreng,227/301257.jpg,/host/data/dataset/UECFOOD/UECFOOD256/227/301257.jpg,5a047c452c569238c1e04367b8b6d9f0d809b72bbc79ef8cbbe3fc426523ac8b,577,433,JPEG,36f0ecf8cac8e4e4,,,UECFOOD256_noncommercial_research_only,false,false,false,true,true,true,eligible:codex_visual_review_v3_final_board_audit,,provisional_frozen,test
rice_021,granular,fried_rice,spoon_or_spatula,scoop_payload,UECFOOD256,9,fried rice,9/11238.jpg,/host/data/dataset/UECFOOD/UECFOOD256/9/11238.jpg,4ec001de0169c2e1c2fc6f71e5c1e318f131023cd550153af214e4e2919a7551,480,360,JPEG,0f1b307064b8c460,,,UECFOOD256_noncommercial_research_only,false,false,false,true,true,true,eligible:codex_visual_review_v3_final_board_audit,,reserve,unassigned
rice_022,granular,fried_rice,spoon_or_spatula,scoop_payload,UECFOOD256,227,nasi goreng,227/270902.jpg,/host/data/dataset/UECFOOD/UECFOOD256/227/270902.jpg,e277ac45983069f0cd65c5e8d62848a6a2c3003937b145cf49e1f490e7200024,613,407,JPEG,5739786ccecfec29,,,UECFOOD256_noncommercial_research_only,false,false,false,true,true,true,eligible:codex_visual_review_v3_final_board_audit,,reserve,unassigned
rice_023,granular,fried_rice,spoon_or_spatula,scoop_payload,UECFOOD256,9,fried rice,9/806.jpg,/host/data/dataset/UECFOOD/UECFOOD256/9/806.jpg,8906008844538071c6605de28a9523574a4165e13482323bef8ecf19825e1c9d,240,180,JPEG,689e3b697d399e7c,,,UECFOOD256_noncommercial_research_only,false,false,false,true,true,true,eligible:codex_visual_review_v3_final_board_audit,,reserve,unassigned
rice_024,granular,fried_rice,spoon_or_spatula,scoop_payload,UECFOOD256,227,nasi goreng,227/292963.jpg,/host/data/dataset/UECFOOD/UECFOOD256/227/292963.jpg,caf9996c17f12966b82712739c3bb4fd9dffe575f20d530147314837dc3dbd1c,500,500,JPEG,2fc7b3a38bcc791f,,,UECFOOD256_noncommercial_research_only,false,false,false,true,true,true,eligible:codex_visual_review_v3_final_board_audit,,provisional_frozen,test
rice_025,granular,fried_rice,spoon_or_spatula,scoop_payload,UECFOOD256,9,fried rice,9/15865.jpg,/host/data/dataset/UECFOOD/UECFOOD256/9/15865.jpg,e88e0626b11c5bfc4b8f2a818515897ef659e9929c4614a4a1cabeac07215a6d,600,450,JPEG,3b1b5b3725b7b379,,,UECFOOD256_noncommercial_research_only,false,true,unknown,unknown,unknown,unknown,excluded:codex_visual_review_v3_final_board_audit,target_utensil_visible,excluded,unassigned
rice_026,granular,fried_rice,spoon_or_spatula,scoop_payload,UECFOOD256,227,nasi goreng,227/292769.jpg,/host/data/dataset/UECFOOD/UECFOOD256/227/292769.jpg,c2c5415db6ed1a3482b0568c1c61bafaedd5271e26bdf1ab17228760ccbc29c3,500,500,JPEG,0f0b59d48c4d2b8f,,,UECFOOD256_noncommercial_research_only,false,unknown,unknown,unknown,unknown,unknown,excluded:codex_visual_review_v3_final_board_audit,other_utensil_visible,excluded,unassigned
rice_027,granular,fried_rice,spoon_or_spatula,scoop_payload,UECFOOD256,9,fried rice,9/14234.jpg,/host/data/dataset/UECFOOD/UECFOOD256/9/14234.jpg,3f7c031d525968a6fec97460c27496226b36739dbfe0596d06c58870950041ea,320,160,JPEG,e692d8cea6acaca8,,,UECFOOD256_noncommercial_research_only,false,true,unknown,unknown,unknown,unknown,excluded:codex_visual_review_v3_final_board_audit,target_utensil_visible,excluded,unassigned
rice_028,granular,fried_rice,spoon_or_spatula,scoop_payload,UECFOOD256,227,nasi goreng,227/295770.jpg,/host/data/dataset/UECFOOD/UECFOOD256/227/295770.jpg,28b63999df5579b6cf4feb8feba2ac3a8644448f957120b6f50780ed83179469,500,500,JPEG,1626cf8ccca0652d,,,UECFOOD256_noncommercial_research_only,false,false,false,true,true,true,eligible:codex_visual_review_v3_final_board_audit,,reserve,unassigned
rice_029,granular,fried_rice,spoon_or_spatula,scoop_payload,UECFOOD256,9,fried rice,9/898.jpg,/host/data/dataset/UECFOOD/UECFOOD256/9/898.jpg,c955ee963c574241631cc3e02b781d2840de011995d6ec550b08cb94808566f0,640,480,JPEG,cc8c9e3b7b378dc1,,,UECFOOD256_noncommercial_research_only,false,false,false,true,true,true,eligible:codex_visual_review_v3_final_board_audit,,provisional_frozen,test
rice_030,granular,fried_rice,spoon_or_spatula,scoop_payload,UECFOOD256,227,nasi goreng,227/288264.jpg,/host/data/dataset/UECFOOD/UECFOOD256/227/288264.jpg,93ee78ca84a9b832af147aaa96f07431cfc93bf3034167263cc0bca4cde5e6e6,500,500,JPEG,82190734321e4933,,,UECFOOD256_noncommercial_research_only,false,false,false,true,true,true,eligible:codex_visual_review_v3_final_board_audit,,provisional_frozen,pilot
rice_031,granular,fried_rice,spoon_or_spatula,scoop_payload,UECFOOD256,9,fried rice,9/846.jpg,/host/data/dataset/UECFOOD/UECFOOD256/9/846.jpg,c774331957f6fb252842da5f1c6ae9a71506646000f87369de0499d3b59422c7,400,300,JPEG,0733613921138ea4,,,UECFOOD256_noncommercial_research_only,false,false,false,true,true,true,eligible:codex_visual_review_v3_final_board_audit,,provisional_frozen,pilot
rice_032,granular,fried_rice,spoon_or_spatula,scoop_payload,UECFOOD256,227,nasi goreng,227/299274.jpg,/host/data/dataset/UECFOOD/UECFOOD256/227/299274.jpg,1cb73487872de75f215da1baad29a13dcd74d58b3753ba99437d3b6ad77466d3,500,500,JPEG,074189889cfc7917,,,UECFOOD256_noncommercial_research_only,false,false,false,true,true,true,eligible:codex_visual_review_v3_final_board_audit,,provisional_frozen,pilot
noodle_001,strand,ramen_or_udon,chopsticks,lift_strand,UECFOOD256,20,udon noodle,20/1897.jpg,/host/data/dataset/UECFOOD/UECFOOD256/20/1897.jpg,b1606066905a34a8b7450a9908548a466328e00ce20126cac421950d4d0d391c,600,487,JPEG,4c0e0f071323864c,,,UECFOOD256_noncommercial_research_only,true,false,false,true,true,true,eligible:codex_visual_review_v3_final_board_audit,,provisional_frozen,pilot
noodle_002,strand,ramen_or_udon,chopsticks,lift_strand,UECFOOD256,23,ramen noodle,23/11555.jpg,/host/data/dataset/UECFOOD/UECFOOD256/23/11555.jpg,8dfd8adb3579378f71fe1dc728820795399f67b3cd5291bebd879bf0f5d0149c,480,360,JPEG,cc0e63c94123078e,,,UECFOOD256_noncommercial_research_only,true,false,false,true,true,true,eligible:codex_visual_review_v3_final_board_audit,,provisional_frozen,pilot
noodle_003,strand,ramen_or_udon,chopsticks,lift_strand,UECFOOD256,20,udon noodle,20/1983.jpg,/host/data/dataset/UECFOOD/UECFOOD256/20/1983.jpg,618290dea272ad3906c6209ed6ab748f9a5998de4cf6ba7f6996e2230512e53c,640,492,JPEG,c89e2e2333338ecd,,,UECFOOD256_noncommercial_research_only,false,false,false,true,true,true,eligible:codex_visual_review_v3_final_board_audit,,provisional_frozen,pilot
noodle_004,strand,ramen_or_udon,chopsticks,lift_strand,UECFOOD256,21,tempura udon,21/2074.jpg,/host/data/dataset/UECFOOD/UECFOOD256/21/2074.jpg,d1c32b0905b3b145ce32659bf0a54cc20757ce0bc25abef9f35ec615648d1e38,640,480,JPEG,8ccc627464585c92,,,UECFOOD256_noncommercial_research_only,false,unknown,unknown,unknown,unknown,unknown,excluded:codex_visual_review_v3_final_board_audit,utensil_visibility_ambiguous,excluded,unassigned
noodle_005,strand,ramen_or_udon,chopsticks,lift_strand,UECFOOD256,23,ramen noodle,23/2272.jpg,/host/data/dataset/UECFOOD/UECFOOD256/23/2272.jpg,396c0c6d82301bc87d5f887eff64b3e91f24c2f67277ddf598f17802eba4310e,408,306,JPEG,c707410d15090f0d,,,UECFOOD256_noncommercial_research_only,false,true,unknown,unknown,unknown,unknown,excluded:codex_visual_review_v3_final_board_audit,target_utensil_visible,excluded,unassigned
noodle_006,strand,ramen_or_udon,chopsticks,lift_strand,UECFOOD256,24,beef noodle,24/2312.jpg,/host/data/dataset/UECFOOD/UECFOOD256/24/2312.jpg,af35b4ce400076ee05ff27d3a654760fc283fa20903c913a6202d523d7634832,474,356,JPEG,8b3b68e969716196,,,UECFOOD256_noncommercial_research_only,false,false,false,true,true,true,eligible:codex_visual_review_v3_final_board_audit,,provisional_frozen,test
noodle_007,strand,ramen_or_udon,chopsticks,lift_strand,UECFOOD256,25,tensin noodle,25/2490.jpg,/host/data/dataset/UECFOOD/UECFOOD256/25/2490.jpg,f84899f495c347e04101b228153bef7c9c4a15ae06fae4f6fa7766942cd73bb3,800,600,JPEG,173f3f9d9c1a24c5,,,UECFOOD256_noncommercial_research_only,false,true,unknown,unknown,unknown,unknown,excluded:codex_visual_review_v3_final_board_audit,target_utensil_visible,excluded,unassigned
noodle_008,strand,ramen_or_udon,chopsticks,lift_strand,UECFOOD256,96,dipping noodles,96/12789.jpg,/host/data/dataset/UECFOOD/UECFOOD256/96/12789.jpg,1d7871bcece2674c9daef5684191be40361e1be78b6dea8b13ad3d0c7925612a,500,375,JPEG,58ccae3d1323ccc6,,,UECFOOD256_noncommercial_research_only,false,true,unknown,unknown,unknown,unknown,excluded:codex_visual_review_v3_final_board_audit,target_utensil_visible,excluded,unassigned
noodle_009,strand,ramen_or_udon,chopsticks,lift_strand,UECFOOD256,102,okinawa soba,102/67734.jpg,/host/data/dataset/UECFOOD/UECFOOD256/102/67734.jpg,d30537d8f3b034e8a610d30f5fa4a0da970b99fc24e516a4644fa87d56100e30,500,343,JPEG,9e26762766662e8e,,,UECFOOD256_noncommercial_research_only,false,false,false,true,true,true,eligible:codex_visual_review_v3_final_board_audit,,provisional_frozen,pilot
noodle_010,strand,ramen_or_udon,chopsticks,lift_strand,UECFOOD256,111,tanmen,111/264701.jpg,/host/data/dataset/UECFOOD/UECFOOD256/111/264701.jpg,340530791d31889c806e2aeeeb8b4188150cd5e2388864831edc7645b9c571bb,483,517,JPEG,0e0709562c96790f,,,UECFOOD256_noncommercial_research_only,false,false,false,true,true,true,eligible:codex_visual_review_v3_final_board_audit,,provisional_frozen,test
noodle_011,strand,ramen_or_udon,chopsticks,lift_strand,UECFOOD256,115,champon,115/75327.jpg,/host/data/dataset/UECFOOD/UECFOOD256/115/75327.jpg,f0a988af36647b8b53f4f8f2c2953fb566d70b1fa46113a15af5eb3226191c90,500,500,JPEG,58b3e3e225d362e4,,,UECFOOD256_noncommercial_research_only,false,unknown,unknown,unknown,unknown,unknown,excluded:codex_visual_review_v3_final_board_audit,other_utensil_visible,excluded,unassigned
noodle_012,strand,ramen_or_udon,chopsticks,lift_strand,UECFOOD256,20,udon noodle,20/15720.jpg,/host/data/dataset/UECFOOD/UECFOOD256/20/15720.jpg,c61c961f85a2b2ad7283cb1ed87e0f45e45737087b27e511ee2a038bf22686f6,600,450,JPEG,37e490c98892b4b1,,,UECFOOD256_noncommercial_research_only,false,true,unknown,unknown,unknown,unknown,excluded:codex_visual_review_v3_final_board_audit,target_utensil_visible,excluded,unassigned
noodle_013,strand,ramen_or_udon,chopsticks,lift_strand,UECFOOD256,21,tempura udon,21/2084.jpg,/host/data/dataset/UECFOOD/UECFOOD256/21/2084.jpg,9a80c6279afe4b02bbc5e9621887bed6f8266377c7418039ecc9e51c22080d89,480,640,JPEG,c377c786e46768f8,,,UECFOOD256_noncommercial_research_only,false,false,false,true,true,true,eligible:codex_visual_review_v3_final_board_audit,,provisional_frozen,pilot
noodle_014,strand,ramen_or_udon,chopsticks,lift_strand,UECFOOD256,23,ramen noodle,23/9132.jpg,/host/data/dataset/UECFOOD/UECFOOD256/23/9132.jpg,ed6794b61961e64e5c2a8a5c4e220f68794f52cd62a1437514291b024528dfe2,360,480,JPEG,0e4cc68e0e2e26bc,,,UECFOOD256_noncommercial_research_only,false,false,false,true,true,true,eligible:codex_visual_review_v3_final_board_audit,,reserve,unassigned
noodle_015,strand,ramen_or_udon,chopsticks,lift_strand,UECFOOD256,24,beef noodle,24/9.jpg,/host/data/dataset/UECFOOD/UECFOOD256/24/9.jpg,ee1de08df2fd7638b25ae445f5e90f99227d3adcb7272f00149067d9f90db3c9,800,600,JPEG,b24d1c9edfccc2d1,,,UECFOOD256_noncommercial_research_only,false,false,false,true,true,true,eligible:codex_visual_review_v3_final_board_audit,,reserve,unassigned
noodle_016,strand,ramen_or_udon,chopsticks,lift_strand,UECFOOD256,25,tensin noodle,25/2444.jpg,/host/data/dataset/UECFOOD/UECFOOD256/25/2444.jpg,88d1ee1f8adb0b0a671a7fb03787f734b0d4d1b18eee496f511d3503129c9cf6,300,225,JPEG,0129588e8e864424,,,UECFOOD256_noncommercial_research_only,false,unknown,unknown,unknown,unknown,unknown,excluded:codex_visual_review_v3_final_board_audit,other_utensil_visible,excluded,unassigned
noodle_017,strand,ramen_or_udon,chopsticks,lift_strand,UECFOOD256,96,dipping noodles,96/12808.jpg,/host/data/dataset/UECFOOD/UECFOOD256/96/12808.jpg,7f31322034e623e3d4c36ee448545ccf6818af7861ec96fa7c87c66577c2f083,600,450,JPEG,40c94321e4e3933e,,,UECFOOD256_noncommercial_research_only,false,false,false,true,true,true,eligible:codex_visual_review_v3_final_board_audit,,provisional_frozen,test
noodle_018,strand,ramen_or_udon,chopsticks,lift_strand,UECFOOD256,102,okinawa soba,102/3028.jpg,/host/data/dataset/UECFOOD/UECFOOD256/102/3028.jpg,f7a7ba081bb7f9a39e5caa323c4ada05f499df58a8f543dd03526125e89449f6,578,432,JPEG,1e5fc5e6d8792384,,,UECFOOD256_noncommercial_research_only,false,false,false,true,true,true,eligible:codex_visual_review_v3_final_board_audit,,provisional_frozen,test
noodle_019,strand,ramen_or_udon,chopsticks,lift_strand,UECFOOD256,111,tanmen,111/76788.jpg,/host/data/dataset/UECFOOD/UECFOOD256/111/76788.jpg,49d0b8236fea19f70e39e92d1cfdebed6e9af82fc9654d59988d4979a3ac9a30,500,375,JPEG,cca62b1d2b0b8ec8,,,UECFOOD256_noncommercial_research_only,false,false,false,true,true,true,eligible:codex_visual_review_v3_final_board_audit,,reserve,unassigned
noodle_020,strand,ramen_or_udon,chopsticks,lift_strand,UECFOOD256,115,champon,115/8627.jpg,/host/data/dataset/UECFOOD/UECFOOD256/115/8627.jpg,80f47a092a63868018c04b7ce1583e0478cb97bfd44d850bb44f7249db6381a8,500,500,JPEG,3f2da7960b440d0f,,,UECFOOD256_noncommercial_research_only,false,unknown,unknown,unknown,unknown,unknown,excluded:codex_visual_review_v3_final_board_audit,other_utensil_visible,excluded,unassigned
noodle_021,strand,ramen_or_udon,chopsticks,lift_strand,UECFOOD256,20,udon noodle,20/1950.jpg,/host/data/dataset/UECFOOD/UECFOOD256/20/1950.jpg,35e15c4e12d272eec752c68124998959841cde4560c96717fc22a10369d7093d,500,333,JPEG,30488c969686ccf1,,,UECFOOD256_noncommercial_research_only,false,false,false,true,true,true,eligible:codex_visual_review_v3_final_board_audit,,provisional_frozen,test
noodle_022,strand,ramen_or_udon,chopsticks,lift_strand,UECFOOD256,21,tempura udon,21/2036.jpg,/host/data/dataset/UECFOOD/UECFOOD256/21/2036.jpg,9c437d9e9fb7ebfe70f8736c91e3c11b803b2dc342f9e1641de7946aaf1f747d,640,480,JPEG,7e9c5b6b71396e65,,,UECFOOD256_noncommercial_research_only,false,unknown,unknown,unknown,unknown,unknown,excluded:codex_visual_review_v3_final_board_audit,other_utensil_visible,excluded,unassigned
noodle_023,strand,ramen_or_udon,chopsticks,lift_strand,UECFOOD256,23,ramen noodle,23/10675.jpg,/host/data/dataset/UECFOOD/UECFOOD256/23/10675.jpg,38d6f2b6644e5ffcdb2d27669fc620607863ac519423aae65d14d443e3f23ed9,480,360,JPEG,33e0c8e092f46196,,,UECFOOD256_noncommercial_research_only,false,false,false,true,true,true,eligible:codex_visual_review_v3_final_board_audit,,provisional_frozen,test
noodle_024,strand,ramen_or_udon,chopsticks,lift_strand,UECFOOD256,24,beef noodle,24/2350.jpg,/host/data/dataset/UECFOOD/UECFOOD256/24/2350.jpg,abcbf1daf42670a030fb0fb340d2ec2abb2acf93d0e362947a4073bcad0a038e,600,450,JPEG,0e2349cc8c4d0d86,,,UECFOOD256_noncommercial_research_only,false,false,false,true,true,true,eligible:codex_visual_review_v3_final_board_audit,,provisional_frozen,test
noodle_025,strand,ramen_or_udon,chopsticks,lift_strand,UECFOOD256,25,tensin noodle,25/2409.jpg,/host/data/dataset/UECFOOD/UECFOOD256/25/2409.jpg,13a8b1ab8890b525d108dd1ad82ed50f368854e821e855c89829449b1a7794b7,300,225,JPEG,371c9bbb8ddd1e8b,,,UECFOOD256_noncommercial_research_only,false,unknown,unknown,unknown,unknown,unknown,excluded:codex_visual_review_v3_final_board_audit,other_utensil_visible,excluded,unassigned
noodle_026,strand,ramen_or_udon,chopsticks,lift_strand,UECFOOD256,96,dipping noodles,96/16553.jpg,/host/data/dataset/UECFOOD/UECFOOD256/96/16553.jpg,de7c7a6493bd34451789feb1ed7c69ef95244826d9a887416792664ce3032806,600,450,JPEG,138c3b5b5936e44d,,,UECFOOD256_noncommercial_research_only,false,false,false,true,true,true,eligible:codex_visual_review_v3_final_board_audit,,reserve,unassigned
noodle_027,strand,ramen_or_udon,chopsticks,lift_strand,UECFOOD256,102,okinawa soba,102/205.jpg,/host/data/dataset/UECFOOD/UECFOOD256/102/205.jpg,42d0003507a8dc8b3f3dee378fc6c92d6c3b8dbaafef0b81fff7e1b1bdceb408,577,433,JPEG,c607133111298b9b,,,UECFOOD256_noncommercial_research_only,false,false,false,true,true,true,eligible:codex_visual_review_v3_final_board_audit,,provisional_frozen,test
noodle_028,strand,ramen_or_udon,chopsticks,lift_strand,UECFOOD256,111,tanmen,111/264566.jpg,/host/data/dataset/UECFOOD/UECFOOD256/111/264566.jpg,c0d31518b871fddf9c8fcc640215b654c77d417b7e551c447941de51492c213e,577,433,JPEG,09b071717171b0f8,,,UECFOOD256_noncommercial_research_only,false,false,false,true,true,true,eligible:codex_visual_review_v3_final_board_audit,,reserve,unassigned
noodle_029,strand,ramen_or_udon,chopsticks,lift_strand,UECFOOD256,115,champon,115/8126.jpg,/host/data/dataset/UECFOOD/UECFOOD256/115/8126.jpg,f1c51ada50ab6977b6b2fe9d3c3b6fd4974840f336c10be55b411c0fda149f99,432,578,JPEG,44880fc7c7c60f03,,,UECFOOD256_noncommercial_research_only,false,true,unknown,unknown,unknown,unknown,excluded:codex_visual_review_v3_final_board_audit,target_utensil_visible,excluded,unassigned
noodle_030,strand,ramen_or_udon,chopsticks,lift_strand,UECFOOD256,20,udon noodle,20/1896.jpg,/host/data/dataset/UECFOOD/UECFOOD256/20/1896.jpg,7826e4b110b47ca79e1b7c7d5626dfedf77cebf3117f7f16f776b072d8af18bf,420,315,JPEG,13397070f296c861,,,UECFOOD256_noncommercial_research_only,false,false,false,true,true,true,eligible:codex_visual_review_v3_final_board_audit,,provisional_frozen,test
noodle_031,strand,ramen_or_udon,chopsticks,lift_strand,UECFOOD256,21,tempura udon,21/2057.jpg,/host/data/dataset/UECFOOD/UECFOOD256/21/2057.jpg,0450043f2d43a7e65f478c9cacb0c814f2d3bceeed2ed78e94b037f623969659,500,332,JPEG,310932644c2b2e2d,,,UECFOOD256_noncommercial_research_only,false,true,unknown,unknown,unknown,unknown,excluded:codex_visual_review_v3_final_board_audit,target_utensil_visible,excluded,unassigned
noodle_032,strand,ramen_or_udon,chopsticks,lift_strand,UECFOOD256,23,ramen noodle,23/10669.jpg,/host/data/dataset/UECFOOD/UECFOOD256/23/10669.jpg,a6221bc3ae74232f59d3c3c328602d031162e97d2f37923140c7f83fac087528,480,360,JPEG,0d365b0f3b5b0b8e,,,UECFOOD256_noncommercial_research_only,false,false,false,true,true,true,eligible:codex_visual_review_v3_final_board_audit,,provisional_frozen,test
pasta_001,strand_contact,spaghetti,fork,twirl_and_lift,UECFOOD256,27,spaghetti,27/2638.jpg,/host/data/dataset/UECFOOD/UECFOOD256/27/2638.jpg,29661c814a832c5dff8dd4fcc6873a4250567c1168be214a2128104f17c044b2,500,375,JPEG,7ddcfaface69b88b,,,UECFOOD256_noncommercial_research_only,false,false,false,true,true,true,eligible:codex_visual_review_v3_final_board_audit,,provisional_frozen,test
pasta_002,strand_contact,spaghetti,fork,twirl_and_lift,UECFOOD256,84,spaghetti meat sauce,84/8935.jpg,/host/data/dataset/UECFOOD/UECFOOD256/84/8935.jpg,44345f12e59510ecbaa0eb8685e8bd1e8f5d56b0a80e55b09de2af2177130b1d,320,240,JPEG,63f0a0e8e8c0f069,,,UECFOOD256_noncommercial_research_only,false,false,false,true,true,true,eligible:codex_visual_review_v3_final_board_audit,,reserve,unassigned
pasta_003,strand_contact,spaghetti,fork,twirl_and_lift,UECFOOD256,27,spaghetti,27/14351.jpg,/host/data/dataset/UECFOOD/UECFOOD256/27/14351.jpg,d186e1c75a9b85a02326843534513fa84faea08ee1ffce5f95e3c7a765331ba5,800,600,JPEG,36142c53a9dcedd7,,,UECFOOD256_noncommercial_research_only,false,true,unknown,unknown,unknown,unknown,excluded:codex_visual_review_v3_final_board_audit,target_utensil_visible,excluded,unassigned
pasta_004,strand_contact,spaghetti,fork,twirl_and_lift,UECFOOD256,84,spaghetti meat sauce,84/8912.jpg,/host/data/dataset/UECFOOD/UECFOOD256/84/8912.jpg,6d57707b2e1bcfdaed265a4a601287325a8d68154e9987980b06432a0f536d39,240,180,JPEG,e3c8901800c4c113,,,UECFOOD256_noncommercial_research_only,false,false,false,true,true,true,eligible:codex_visual_review_v3_final_board_audit,,provisional_frozen,test
pasta_005,strand_contact,spaghetti,fork,twirl_and_lift,UECFOOD256,27,spaghetti,27/2642.jpg,/host/data/dataset/UECFOOD/UECFOOD256/27/2642.jpg,07c96da67d1164c44d7dd661e061a849938ba47cfc59aa641b2fbf093c9232a3,500,351,JPEG,ce0f5d87e5692e9c,,,UECFOOD256_noncommercial_research_only,false,false,false,true,true,true,eligible:codex_visual_review_v3_final_board_audit,,provisional_frozen,pilot
pasta_006,strand_contact,spaghetti,fork,twirl_and_lift,UECFOOD256,84,spaghetti meat sauce,84/8915.jpg,/host/data/dataset/UECFOOD/UECFOOD256/84/8915.jpg,c67bd58ed2038df996bd2d27ffd4ee5d715a8f430ab0373f763cffa4ed3d8bef,256,192,JPEG,6a70f0b48af8f0f0,,,UECFOOD256_noncommercial_research_only,false,false,false,true,true,true,eligible:codex_visual_review_v3_final_board_audit,,provisional_frozen,pilot
pasta_007,strand_contact,spaghetti,fork,twirl_and_lift,UECFOOD256,27,spaghetti,27/2632.jpg,/host/data/dataset/UECFOOD/UECFOOD256/27/2632.jpg,6043bb0b854081bb1c6f185f76d30c537b09b2af688013c6f98298e2888ea671,400,300,JPEG,1c3c36363a3c349e,,,UECFOOD256_noncommercial_research_only,false,false,false,true,true,true,eligible:codex_visual_review_v3_final_board_audit,,provisional_frozen,test
pasta_008,strand_contact,spaghetti,fork,twirl_and_lift,UECFOOD256,84,spaghetti meat sauce,84/8937.jpg,/host/data/dataset/UECFOOD/UECFOOD256/84/8937.jpg,63fd3bf60620a02581b0651755deb94bf7748412fb0dae2c451f0342ede84203,500,375,JPEG,9f3969546939130e,,,UECFOOD256_noncommercial_research_only,false,true,unknown,unknown,unknown,unknown,excluded:codex_visual_review_v3_final_board_audit,target_utensil_visible,excluded,unassigned
pasta_009,strand_contact,spaghetti,fork,twirl_and_lift,UECFOOD256,27,spaghetti,27/2644.jpg,/host/data/dataset/UECFOOD/UECFOOD256/27/2644.jpg,8cb0179afb559e8775a285df465827ebb78649ea7983e7b825808c50e7b2e858,500,500,JPEG,070371697171178e,,,UECFOOD256_noncommercial_research_only,false,true,unknown,unknown,unknown,unknown,excluded:codex_visual_review_v3_final_board_audit,target_utensil_visible,excluded,unassigned
pasta_010,strand_contact,spaghetti,fork,twirl_and_lift,UECFOOD256,84,spaghetti meat sauce,84/8849.jpg,/host/data/dataset/UECFOOD/UECFOOD256/84/8849.jpg,0e096d9318d810fce4cedb081341ac32c0182f20ad801cb791af0c745634bba4,352,264,JPEG,e3e1b0604891f367,,,UECFOOD256_noncommercial_research_only,false,false,false,true,true,true,eligible:codex_visual_review_v3_final_board_audit,,provisional_frozen,test
pasta_011,strand_contact,spaghetti,fork,twirl_and_lift,UECFOOD256,27,spaghetti,27/2606.jpg,/host/data/dataset/UECFOOD/UECFOOD256/27/2606.jpg,08bff5f0bedc40e117746dc1993f3545a7c0a437c3a0ac0807bb4558e48fc348,640,480,JPEG,4f9bbb2d6cacc963,,,UECFOOD256_noncommercial_research_only,false,false,false,true,true,true,eligible:codex_visual_review_v3_final_board_audit,,provisional_frozen,test
pasta_012,strand_contact,spaghetti,fork,twirl_and_lift,UECFOOD256,84,spaghetti meat sauce,84/8908.jpg,/host/data/dataset/UECFOOD/UECFOOD256/84/8908.jpg,7adc606c4e79110b00e2bd4ad66c96e1adffc013dd03814706d3d3b0cf44cde1,346,461,JPEG,5271c8dcdede80cf,,,UECFOOD256_noncommercial_research_only,false,true,unknown,unknown,unknown,unknown,excluded:codex_visual_review_v3_final_board_audit,target_utensil_visible,excluded,unassigned
pasta_013,strand_contact,spaghetti,fork,twirl_and_lift,UECFOOD256,27,spaghetti,27/2599.jpg,/host/data/dataset/UECFOOD/UECFOOD256/27/2599.jpg,b00f9196d302bb7ad2d3d045ec7047d8e89f287f5ce2497679a71e4ebf2c50d0,480,360,JPEG,1779ccc0da92f032,,,UECFOOD256_noncommercial_research_only,false,false,false,true,true,true,eligible:codex_visual_review_v3_final_board_audit,,reserve,unassigned
pasta_014,strand_contact,spaghetti,fork,twirl_and_lift,UECFOOD256,84,spaghetti meat sauce,84/8880.jpg,/host/data/dataset/UECFOOD/UECFOOD256/84/8880.jpg,c818a87a710b00c9bfef902b1fd7f16f11a8e6b375125ae297238807a1cae82c,160,120,JPEG,db63373c32d7c1e0,,,UECFOOD256_noncommercial_research_only,false,unknown,unknown,unknown,unknown,unknown,excluded:codex_visual_review_v3_final_board_audit,other_utensil_visible,excluded,unassigned
pasta_015,strand_contact,spaghetti,fork,twirl_and_lift,UECFOOD256,27,spaghetti,27/2681.jpg,/host/data/dataset/UECFOOD/UECFOOD256/27/2681.jpg,66daf8d45a90444542b6112b58657abe5e92b73210c4caddd4e5760df68fd8e4,500,375,JPEG,1f0f3970b0f8ce78,,,UECFOOD256_noncommercial_research_only,false,false,false,true,true,true,eligible:codex_visual_review_v3_final_board_audit,,provisional_frozen,test
pasta_016,strand_contact,spaghetti,fork,twirl_and_lift,UECFOOD256,84,spaghetti meat sauce,84/8934.jpg,/host/data/dataset/UECFOOD/UECFOOD256/84/8934.jpg,471c6ec4080a6c7bde009b4536422887c80902bfb49f62f9f8befaff024a2db1,320,240,JPEG,3168a499c990d0e0,,,UECFOOD256_noncommercial_research_only,false,true,unknown,unknown,unknown,unknown,excluded:codex_visual_review_v3_final_board_audit,target_utensil_visible,excluded,unassigned
pasta_017,strand_contact,spaghetti,fork,twirl_and_lift,UECFOOD256,27,spaghetti,27/2614.jpg,/host/data/dataset/UECFOOD/UECFOOD256/27/2614.jpg,29d19173cefa078a7ed10236bdbc86a47f6a102f8149ae458ab1503c30239e11,500,375,JPEG,1f73f1d0b0d8f878,,,UECFOOD256_noncommercial_research_only,false,false,false,true,true,true,eligible:codex_visual_review_v3_final_board_audit,,reserve,unassigned
pasta_018,strand_contact,spaghetti,fork,twirl_and_lift,UECFOOD256,84,spaghetti meat sauce,84/8932.jpg,/host/data/dataset/UECFOOD/UECFOOD256/84/8932.jpg,fb3a4a744c92a0690248b7672b980461b03412eb8c82f381b6ed1dc4c9b67372,320,240,JPEG,2d0d8c060383864e,,,UECFOOD256_noncommercial_research_only,false,true,unknown,unknown,unknown,unknown,excluded:codex_visual_review_v3_final_board_audit,target_utensil_visible,excluded,unassigned
pasta_019,strand_contact,spaghetti,fork,twirl_and_lift,UECFOOD256,27,spaghetti,27/2683.jpg,/host/data/dataset/UECFOOD/UECFOOD256/27/2683.jpg,eca11fc023370b000a358887f1776bf4ff6a7a44398c21f9ec0e2eff8af0c1d1,800,600,JPEG,f9f333e79c9af274,,,UECFOOD256_noncommercial_research_only,false,true,unknown,unknown,unknown,unknown,excluded:codex_visual_review_v3_final_board_audit,target_utensil_visible,excluded,unassigned
pasta_020,strand_contact,spaghetti,fork,twirl_and_lift,UECFOOD256,84,spaghetti meat sauce,84/8862.jpg,/host/data/dataset/UECFOOD/UECFOOD256/84/8862.jpg,2cba648117781b2767fdc359fe5b867e3953be5456aa3627d0516b8b35672677,250,200,JPEG,9978debcfeece8fc,,,UECFOOD256_noncommercial_research_only,false,unknown,unknown,unknown,unknown,unknown,excluded:codex_visual_review_v3_final_board_audit,embedded_border_artifact,excluded,unassigned
pasta_021,strand_contact,spaghetti,fork,twirl_and_lift,UECFOOD256,27,spaghetti,27/14369.jpg,/host/data/dataset/UECFOOD/UECFOOD256/27/14369.jpg,967a390e59b53414bf15758dae0f6e212c647493172d2a61c6ff168961b56ea6,800,600,JPEG,003dcda52666eeea,,,UECFOOD256_noncommercial_research_only,false,false,false,true,true,true,eligible:codex_visual_review_v3_final_board_audit,,reserve,unassigned
pasta_022,strand_contact,spaghetti,fork,twirl_and_lift,UECFOOD256,84,spaghetti meat sauce,84/8906.jpg,/host/data/dataset/UECFOOD/UECFOOD256/84/8906.jpg,e7b7591b731f89fd8d8b6cc494cdbda9e3664125048c8020f32769433e3ebead,200,150,JPEG,18c1c8c0c8c0e133,,,UECFOOD256_noncommercial_research_only,false,false,false,true,true,true,eligible:codex_visual_review_v3_final_board_audit,,reserve,unassigned
pasta_023,strand_contact,spaghetti,fork,twirl_and_lift,UECFOOD256,27,spaghetti,27/15110.jpg,/host/data/dataset/UECFOOD/UECFOOD256/27/15110.jpg,b013c87da6054fc4b02a6adaf712a8ac93b7a37eaad756cb2182fed793bc0e67,600,448,JPEG,8ecce4e46e6cec7c,,,UECFOOD256_noncommercial_research_only,false,false,false,true,true,true,eligible:codex_visual_review_v3_final_board_audit,,reserve,unassigned
pasta_024,strand_contact,spaghetti,fork,twirl_and_lift,UECFOOD256,84,spaghetti meat sauce,84/8895.jpg,/host/data/dataset/UECFOOD/UECFOOD256/84/8895.jpg,a57a39d4a0741c5b699620117e167b7587e50281b93c3cafeedb6c34e5ae2f78,320,240,JPEG,c7c3e9b0accce527,,,UECFOOD256_noncommercial_research_only,false,false,false,true,true,true,eligible:codex_visual_review_v3_final_board_audit,,provisional_frozen,test
pasta_025,strand_contact,spaghetti,fork,twirl_and_lift,UECFOOD256,27,spaghetti,27/15668.jpg,/host/data/dataset/UECFOOD/UECFOOD256/27/15668.jpg,fb0f63f77d2a388106d3e9bfc3f8ccfa480f9286aab57a6533289476347229c4,640,359,JPEG,63d99030524a35a5,,,UECFOOD256_noncommercial_research_only,false,true,unknown,unknown,unknown,unknown,excluded:codex_visual_review_v3_final_board_audit,target_utensil_visible,excluded,unassigned
pasta_026,strand_contact,spaghetti,fork,twirl_and_lift,UECFOOD256,84,spaghetti meat sauce,84/15426.jpg,/host/data/dataset/UECFOOD/UECFOOD256/84/15426.jpg,7b01394555b3632e0bf4ecd5f3d424ea2f18ce65f4280359f3866017dc10c0d5,600,449,JPEG,43991139383e7d1f,,,UECFOOD256_noncommercial_research_only,false,false,false,true,true,true,eligible:codex_visual_review_v3_final_board_audit,,provisional_frozen,test
pasta_027,strand_contact,spaghetti,fork,twirl_and_lift,UECFOOD256,27,spaghetti,27/11061.jpg,/host/data/dataset/UECFOOD/UECFOOD256/27/11061.jpg,2fed630123472ba6c7c8cb18b3713a63490db0d4d75d473202c292bee74182dc,480,360,JPEG,7765cada9cec7bce,,,UECFOOD256_noncommercial_research_only,false,false,false,true,true,true,eligible:codex_visual_review_v3_final_board_audit,,provisional_frozen,pilot
pasta_028,strand_contact,spaghetti,fork,twirl_and_lift,UECFOOD256,84,spaghetti meat sauce,84/8896.jpg,/host/data/dataset/UECFOOD/UECFOOD256/84/8896.jpg,d6619b8dd6c941aedff0e689a5f52b7ab11f55554a99e5f5c6fda611ea6c72b8,320,240,JPEG,b3f3c999b1b1d1f3,,,UECFOOD256_noncommercial_research_only,false,false,false,true,true,true,eligible:codex_visual_review_v3_final_board_audit,,provisional_frozen,test
pasta_029,strand_contact,spaghetti,fork,twirl_and_lift,UECFOOD256,27,spaghetti,27/14598.jpg,/host/data/dataset/UECFOOD/UECFOOD256/27/14598.jpg,3ce9bb10a3275a9a88bf671e2f8e8350122cfe48018754b8c02ccecc337a0b48,240,320,JPEG,0e1fd18ace7c3d1f,,,UECFOOD256_noncommercial_research_only,false,false,false,true,true,true,eligible:codex_visual_review_v3_final_board_audit,,provisional_frozen,pilot
pasta_030,strand_contact,spaghetti,fork,twirl_and_lift,UECFOOD256,84,spaghetti meat sauce,84/8853.jpg,/host/data/dataset/UECFOOD/UECFOOD256/84/8853.jpg,b294227e9e788909a1bf31ad0913dde92620fa19b17102dc761b643c5c7d6d4b,172,190,JPEG,71d43368e8718ef0,,,UECFOOD256_noncommercial_research_only,false,false,false,true,true,true,eligible:codex_visual_review_v3_final_board_audit,,provisional_frozen,pilot
pasta_031,strand_contact,spaghetti,fork,twirl_and_lift,UECFOOD256,27,spaghetti,27/2615.jpg,/host/data/dataset/UECFOOD/UECFOOD256/27/2615.jpg,b90926c15185b222ec75fe794b67afe3e4671ef6c44cf9f7f67ce4db32543d80,500,500,JPEG,0f3370f07079330f,,,UECFOOD256_noncommercial_research_only,false,false,false,true,true,true,eligible:codex_visual_review_v3_final_board_audit,,provisional_frozen,test
pasta_032,strand_contact,spaghetti,fork,twirl_and_lift,UECFOOD256,84,spaghetti meat sauce,84/15.jpg,/host/data/dataset/UECFOOD/UECFOOD256/84/15.jpg,fdfc3f9ef96206a2c6f0f07c8963ad4a9d552f6815ed6be17c615c84ffec89bb,800,600,JPEG,f1a3f363268387e6,,,UECFOOD256_noncommercial_research_only,false,unknown,unknown,false,unknown,unknown,excluded:codex_visual_review_v3_final_board_audit,food_not_dominant_multiple_dishes,excluded,unassigned
