case,variant,source_hole_real_target_mae,protected_vs_source_mae,payload_copy_error_internal_only
pizza,source,83.1308035495416,0.0,94.90652859317242
pizza,scaffold,14.832083149482767,0.0,0.0
pizza,direct_raw,82.75498847869785,3.4912242545831687,9.990813220265276
pizza,direct_localized,82.75498847869785,0.0,9.990813220265276
pizza,grounded_raw,78.06792665588077,6.9490573267820395,60.10056534029137
pizza,grounded_localized,78.06792665588077,0.0,60.10056534029137
pizza,observed_locked,78.06792665588077,0.0,0.0
pizza,relit_locked,78.06792665588077,0.0,6.788106110023918
pizza,original_raw,38.702162082659214,6.45324065649056,96.0226679712981
pizza,original_localized,38.702162082659214,0.0,96.0226679712981
corn,source,42.32968911683988,0.0,36.33720054241374
corn,scaffold,23.83641517073829,0.0,0.0
corn,direct_raw,2.625275565753363,4.8835687715020155,5.09899050775953
corn,direct_localized,2.625275565753363,0.0,5.09899050775953
corn,grounded_raw,2.467314527376614,3.2189885607337283,3.5245844005825924
corn,grounded_localized,2.467314527376614,0.0,3.5245844005825924
corn,observed_locked,2.467314527376614,0.0,0.0
corn,relit_locked,2.467314527376614,0.0,2.601727688212546
corn,original_raw,2.0592522607639356,6.252571181539784,38.3410175279996
corn,original_localized,2.0592522607639356,0.0,38.3410175279996
