internal_run_id,reviewer_slot,reviewer_id,blind_item_id,lift,bite_and_support,source_change,food_and_scene,hand_and_utensil,photo_score,failure_reason,reviewed_at
cohesive_01__A_direct__281,1,,,,,,,,,,
cohesive_01__A_direct__281,2,,,,,,,,,,
cohesive_01__A_direct__281,3,,,,,,,,,,
cohesive_01__A_direct__913,1,,,,,,,,,,
cohesive_01__A_direct__913,2,,,,,,,,,,
cohesive_01__A_direct__913,3,,,,,,,,,,
cohesive_01__B_action_spec__281,1,,,,,,,,,,
cohesive_01__B_action_spec__281,2,,,,,,,,,,
cohesive_01__B_action_spec__281,3,,,,,,,,,,
cohesive_01__B_action_spec__913,1,,,,,,,,,,
cohesive_01__B_action_spec__913,2,,,,,,,,,,
cohesive_01__B_action_spec__913,3,,,,,,,,,,
cohesive_01__C_planar_guide__281,1,,,,,,,,,,
cohesive_01__C_planar_guide__281,2,,,,,,,,,,
cohesive_01__C_planar_guide__281,3,,,,,,,,,,
cohesive_01__C_planar_guide__913,1,,,,,,,,,,
cohesive_01__C_planar_guide__913,2,,,,,,,,,,
cohesive_01__C_planar_guide__913,3,,,,,,,,,,
cohesive_01__D_geometry_guide__281,1,,,,,,,,,,
cohesive_01__D_geometry_guide__281,2,,,,,,,,,,
cohesive_01__D_geometry_guide__281,3,,,,,,,,,,
cohesive_01__D_geometry_guide__913,1,,,,,,,,,,
cohesive_01__D_geometry_guide__913,2,,,,,,,,,,
cohesive_01__D_geometry_guide__913,3,,,,,,,,,,
cohesive_02__A_direct__281,1,,,,,,,,,,
cohesive_02__A_direct__281,2,,,,,,,,,,
cohesive_02__A_direct__281,3,,,,,,,,,,
cohesive_02__A_direct__913,1,,,,,,,,,,
cohesive_02__A_direct__913,2,,,,,,,,,,
cohesive_02__A_direct__913,3,,,,,,,,,,
cohesive_02__B_action_spec__281,1,,,,,,,,,,
cohesive_02__B_action_spec__281,2,,,,,,,,,,
cohesive_02__B_action_spec__281,3,,,,,,,,,,
cohesive_02__B_action_spec__913,1,,,,,,,,,,
cohesive_02__B_action_spec__913,2,,,,,,,,,,
cohesive_02__B_action_spec__913,3,,,,,,,,,,
cohesive_02__C_planar_guide__281,1,,,,,,,,,,
cohesive_02__C_planar_guide__281,2,,,,,,,,,,
cohesive_02__C_planar_guide__281,3,,,,,,,,,,
cohesive_02__C_planar_guide__913,1,,,,,,,,,,
cohesive_02__C_planar_guide__913,2,,,,,,,,,,
cohesive_02__C_planar_guide__913,3,,,,,,,,,,
cohesive_02__D_geometry_guide__281,1,,,,,,,,,,
cohesive_02__D_geometry_guide__281,2,,,,,,,,,,
cohesive_02__D_geometry_guide__281,3,,,,,,,,,,
cohesive_02__D_geometry_guide__913,1,,,,,,,,,,
cohesive_02__D_geometry_guide__913,2,,,,,,,,,,
cohesive_02__D_geometry_guide__913,3,,,,,,,,,,
granular_01__A_direct__281,1,,,,,,,,,,
granular_01__A_direct__281,2,,,,,,,,,,
granular_01__A_direct__281,3,,,,,,,,,,
granular_01__A_direct__913,1,,,,,,,,,,
granular_01__A_direct__913,2,,,,,,,,,,
granular_01__A_direct__913,3,,,,,,,,,,
granular_01__B_action_spec__281,1,,,,,,,,,,
granular_01__B_action_spec__281,2,,,,,,,,,,
granular_01__B_action_spec__281,3,,,,,,,,,,
granular_01__B_action_spec__913,1,,,,,,,,,,
granular_01__B_action_spec__913,2,,,,,,,,,,
granular_01__B_action_spec__913,3,,,,,,,,,,
granular_01__C_planar_guide__281,1,,,,,,,,,,
granular_01__C_planar_guide__281,2,,,,,,,,,,
granular_01__C_planar_guide__281,3,,,,,,,,,,
granular_01__C_planar_guide__913,1,,,,,,,,,,
granular_01__C_planar_guide__913,2,,,,,,,,,,
granular_01__C_planar_guide__913,3,,,,,,,,,,
granular_01__D_geometry_guide__281,1,,,,,,,,,,
granular_01__D_geometry_guide__281,2,,,,,,,,,,
granular_01__D_geometry_guide__281,3,,,,,,,,,,
granular_01__D_geometry_guide__913,1,,,,,,,,,,
granular_01__D_geometry_guide__913,2,,,,,,,,,,
granular_01__D_geometry_guide__913,3,,,,,,,,,,
granular_02__A_direct__281,1,,,,,,,,,,
granular_02__A_direct__281,2,,,,,,,,,,
granular_02__A_direct__281,3,,,,,,,,,,
granular_02__A_direct__913,1,,,,,,,,,,
granular_02__A_direct__913,2,,,,,,,,,,
granular_02__A_direct__913,3,,,,,,,,,,
granular_02__B_action_spec__281,1,,,,,,,,,,
granular_02__B_action_spec__281,2,,,,,,,,,,
granular_02__B_action_spec__281,3,,,,,,,,,,
granular_02__B_action_spec__913,1,,,,,,,,,,
granular_02__B_action_spec__913,2,,,,,,,,,,
granular_02__B_action_spec__913,3,,,,,,,,,,
granular_02__C_planar_guide__281,1,,,,,,,,,,
granular_02__C_planar_guide__281,2,,,,,,,,,,
granular_02__C_planar_guide__281,3,,,,,,,,,,
granular_02__C_planar_guide__913,1,,,,,,,,,,
granular_02__C_planar_guide__913,2,,,,,,,,,,
granular_02__C_planar_guide__913,3,,,,,,,,,,
granular_02__D_geometry_guide__281,1,,,,,,,,,,
granular_02__D_geometry_guide__281,2,,,,,,,,,,
granular_02__D_geometry_guide__281,3,,,,,,,,,,
granular_02__D_geometry_guide__913,1,,,,,,,,,,
granular_02__D_geometry_guide__913,2,,,,,,,,,,
granular_02__D_geometry_guide__913,3,,,,,,,,,,
strand_01__A_direct__281,1,,,,,,,,,,
strand_01__A_direct__281,2,,,,,,,,,,
strand_01__A_direct__281,3,,,,,,,,,,
strand_01__A_direct__913,1,,,,,,,,,,
strand_01__A_direct__913,2,,,,,,,,,,
strand_01__A_direct__913,3,,,,,,,,,,
strand_01__B_action_spec__281,1,,,,,,,,,,
strand_01__B_action_spec__281,2,,,,,,,,,,
strand_01__B_action_spec__281,3,,,,,,,,,,
strand_01__B_action_spec__913,1,,,,,,,,,,
strand_01__B_action_spec__913,2,,,,,,,,,,
strand_01__B_action_spec__913,3,,,,,,,,,,
strand_01__C_planar_guide__281,1,,,,,,,,,,
strand_01__C_planar_guide__281,2,,,,,,,,,,
strand_01__C_planar_guide__281,3,,,,,,,,,,
strand_01__C_planar_guide__913,1,,,,,,,,,,
strand_01__C_planar_guide__913,2,,,,,,,,,,
strand_01__C_planar_guide__913,3,,,,,,,,,,
strand_01__D_geometry_guide__281,1,,,,,,,,,,
strand_01__D_geometry_guide__281,2,,,,,,,,,,
strand_01__D_geometry_guide__281,3,,,,,,,,,,
strand_01__D_geometry_guide__913,1,,,,,,,,,,
strand_01__D_geometry_guide__913,2,,,,,,,,,,
strand_01__D_geometry_guide__913,3,,,,,,,,,,
strand_02__A_direct__281,1,,,,,,,,,,
strand_02__A_direct__281,2,,,,,,,,,,
strand_02__A_direct__281,3,,,,,,,,,,
strand_02__A_direct__913,1,,,,,,,,,,
strand_02__A_direct__913,2,,,,,,,,,,
strand_02__A_direct__913,3,,,,,,,,,,
strand_02__B_action_spec__281,1,,,,,,,,,,
strand_02__B_action_spec__281,2,,,,,,,,,,
strand_02__B_action_spec__281,3,,,,,,,,,,
strand_02__B_action_spec__913,1,,,,,,,,,,
strand_02__B_action_spec__913,2,,,,,,,,,,
strand_02__B_action_spec__913,3,,,,,,,,,,
strand_02__C_planar_guide__281,1,,,,,,,,,,
strand_02__C_planar_guide__281,2,,,,,,,,,,
strand_02__C_planar_guide__281,3,,,,,,,,,,
strand_02__C_planar_guide__913,1,,,,,,,,,,
strand_02__C_planar_guide__913,2,,,,,,,,,,
strand_02__C_planar_guide__913,3,,,,,,,,,,
strand_02__D_geometry_guide__281,1,,,,,,,,,,
strand_02__D_geometry_guide__281,2,,,,,,,,,,
strand_02__D_geometry_guide__281,3,,,,,,,,,,
strand_02__D_geometry_guide__913,1,,,,,,,,,,
strand_02__D_geometry_guide__913,2,,,,,,,,,,
strand_02__D_geometry_guide__913,3,,,,,,,,,,
liquid_01__A_direct__281,1,,,,,,,,,,
liquid_01__A_direct__281,2,,,,,,,,,,
liquid_01__A_direct__281,3,,,,,,,,,,
liquid_01__A_direct__913,1,,,,,,,,,,
liquid_01__A_direct__913,2,,,,,,,,,,
liquid_01__A_direct__913,3,,,,,,,,,,
liquid_01__B_action_spec__281,1,,,,,,,,,,
liquid_01__B_action_spec__281,2,,,,,,,,,,
liquid_01__B_action_spec__281,3,,,,,,,,,,
liquid_01__B_action_spec__913,1,,,,,,,,,,
liquid_01__B_action_spec__913,2,,,,,,,,,,
liquid_01__B_action_spec__913,3,,,,,,,,,,
liquid_01__C_planar_guide__281,1,,,,,,,,,,
liquid_01__C_planar_guide__281,2,,,,,,,,,,
liquid_01__C_planar_guide__281,3,,,,,,,,,,
liquid_01__C_planar_guide__913,1,,,,,,,,,,
liquid_01__C_planar_guide__913,2,,,,,,,,,,
liquid_01__C_planar_guide__913,3,,,,,,,,,,
liquid_01__D_geometry_guide__281,1,,,,,,,,,,
liquid_01__D_geometry_guide__281,2,,,,,,,,,,
liquid_01__D_geometry_guide__281,3,,,,,,,,,,
liquid_01__D_geometry_guide__913,1,,,,,,,,,,
liquid_01__D_geometry_guide__913,2,,,,,,,,,,
liquid_01__D_geometry_guide__913,3,,,,,,,,,,
liquid_02__A_direct__281,1,,,,,,,,,,
liquid_02__A_direct__281,2,,,,,,,,,,
liquid_02__A_direct__281,3,,,,,,,,,,
liquid_02__A_direct__913,1,,,,,,,,,,
liquid_02__A_direct__913,2,,,,,,,,,,
liquid_02__A_direct__913,3,,,,,,,,,,
liquid_02__B_action_spec__281,1,,,,,,,,,,
liquid_02__B_action_spec__281,2,,,,,,,,,,
liquid_02__B_action_spec__281,3,,,,,,,,,,
liquid_02__B_action_spec__913,1,,,,,,,,,,
liquid_02__B_action_spec__913,2,,,,,,,,,,
liquid_02__B_action_spec__913,3,,,,,,,,,,
liquid_02__C_planar_guide__281,1,,,,,,,,,,
liquid_02__C_planar_guide__281,2,,,,,,,,,,
liquid_02__C_planar_guide__281,3,,,,,,,,,,
liquid_02__C_planar_guide__913,1,,,,,,,,,,
liquid_02__C_planar_guide__913,2,,,,,,,,,,
liquid_02__C_planar_guide__913,3,,,,,,,,,,
liquid_02__D_geometry_guide__281,1,,,,,,,,,,
liquid_02__D_geometry_guide__281,2,,,,,,,,,,
liquid_02__D_geometry_guide__281,3,,,,,,,,,,
liquid_02__D_geometry_guide__913,1,,,,,,,,,,
liquid_02__D_geometry_guide__913,2,,,,,,,,,,
liquid_02__D_geometry_guide__913,3,,,,,,,,,,
