run_id,case_id,family,method,seed,status,input_manifest_sha256,prompt_sha256,control_sha256,output_raw_path,output_raw_sha256,technical_failure
cohesive_01__A_direct__281,cohesive_01,cohesive,A_direct,281,PLANNED_NOT_RUN,,,,,,
cohesive_01__A_direct__913,cohesive_01,cohesive,A_direct,913,PLANNED_NOT_RUN,,,,,,
cohesive_01__B_action_spec__281,cohesive_01,cohesive,B_action_spec,281,PLANNED_NOT_RUN,,,,,,
cohesive_01__B_action_spec__913,cohesive_01,cohesive,B_action_spec,913,PLANNED_NOT_RUN,,,,,,
cohesive_01__C_planar_guide__281,cohesive_01,cohesive,C_planar_guide,281,PLANNED_NOT_RUN,,,,,,
cohesive_01__C_planar_guide__913,cohesive_01,cohesive,C_planar_guide,913,PLANNED_NOT_RUN,,,,,,
cohesive_01__D_geometry_guide__281,cohesive_01,cohesive,D_geometry_guide,281,PLANNED_NOT_RUN,,,,,,
cohesive_01__D_geometry_guide__913,cohesive_01,cohesive,D_geometry_guide,913,PLANNED_NOT_RUN,,,,,,
cohesive_02__A_direct__281,cohesive_02,cohesive,A_direct,281,PLANNED_NOT_RUN,,,,,,
cohesive_02__A_direct__913,cohesive_02,cohesive,A_direct,913,PLANNED_NOT_RUN,,,,,,
cohesive_02__B_action_spec__281,cohesive_02,cohesive,B_action_spec,281,PLANNED_NOT_RUN,,,,,,
cohesive_02__B_action_spec__913,cohesive_02,cohesive,B_action_spec,913,PLANNED_NOT_RUN,,,,,,
cohesive_02__C_planar_guide__281,cohesive_02,cohesive,C_planar_guide,281,PLANNED_NOT_RUN,,,,,,
cohesive_02__C_planar_guide__913,cohesive_02,cohesive,C_planar_guide,913,PLANNED_NOT_RUN,,,,,,
cohesive_02__D_geometry_guide__281,cohesive_02,cohesive,D_geometry_guide,281,PLANNED_NOT_RUN,,,,,,
cohesive_02__D_geometry_guide__913,cohesive_02,cohesive,D_geometry_guide,913,PLANNED_NOT_RUN,,,,,,
granular_01__A_direct__281,granular_01,granular,A_direct,281,PLANNED_NOT_RUN,,,,,,
granular_01__A_direct__913,granular_01,granular,A_direct,913,PLANNED_NOT_RUN,,,,,,
granular_01__B_action_spec__281,granular_01,granular,B_action_spec,281,PLANNED_NOT_RUN,,,,,,
granular_01__B_action_spec__913,granular_01,granular,B_action_spec,913,PLANNED_NOT_RUN,,,,,,
granular_01__C_planar_guide__281,granular_01,granular,C_planar_guide,281,PLANNED_NOT_RUN,,,,,,
granular_01__C_planar_guide__913,granular_01,granular,C_planar_guide,913,PLANNED_NOT_RUN,,,,,,
granular_01__D_geometry_guide__281,granular_01,granular,D_geometry_guide,281,PLANNED_NOT_RUN,,,,,,
granular_01__D_geometry_guide__913,granular_01,granular,D_geometry_guide,913,PLANNED_NOT_RUN,,,,,,
granular_02__A_direct__281,granular_02,granular,A_direct,281,PLANNED_NOT_RUN,,,,,,
granular_02__A_direct__913,granular_02,granular,A_direct,913,PLANNED_NOT_RUN,,,,,,
granular_02__B_action_spec__281,granular_02,granular,B_action_spec,281,PLANNED_NOT_RUN,,,,,,
granular_02__B_action_spec__913,granular_02,granular,B_action_spec,913,PLANNED_NOT_RUN,,,,,,
granular_02__C_planar_guide__281,granular_02,granular,C_planar_guide,281,PLANNED_NOT_RUN,,,,,,
granular_02__C_planar_guide__913,granular_02,granular,C_planar_guide,913,PLANNED_NOT_RUN,,,,,,
granular_02__D_geometry_guide__281,granular_02,granular,D_geometry_guide,281,PLANNED_NOT_RUN,,,,,,
granular_02__D_geometry_guide__913,granular_02,granular,D_geometry_guide,913,PLANNED_NOT_RUN,,,,,,
strand_01__A_direct__281,strand_01,strand,A_direct,281,PLANNED_NOT_RUN,,,,,,
strand_01__A_direct__913,strand_01,strand,A_direct,913,PLANNED_NOT_RUN,,,,,,
strand_01__B_action_spec__281,strand_01,strand,B_action_spec,281,PLANNED_NOT_RUN,,,,,,
strand_01__B_action_spec__913,strand_01,strand,B_action_spec,913,PLANNED_NOT_RUN,,,,,,
strand_01__C_planar_guide__281,strand_01,strand,C_planar_guide,281,PLANNED_NOT_RUN,,,,,,
strand_01__C_planar_guide__913,strand_01,strand,C_planar_guide,913,PLANNED_NOT_RUN,,,,,,
strand_01__D_geometry_guide__281,strand_01,strand,D_geometry_guide,281,PLANNED_NOT_RUN,,,,,,
strand_01__D_geometry_guide__913,strand_01,strand,D_geometry_guide,913,PLANNED_NOT_RUN,,,,,,
strand_02__A_direct__281,strand_02,strand,A_direct,281,PLANNED_NOT_RUN,,,,,,
strand_02__A_direct__913,strand_02,strand,A_direct,913,PLANNED_NOT_RUN,,,,,,
strand_02__B_action_spec__281,strand_02,strand,B_action_spec,281,PLANNED_NOT_RUN,,,,,,
strand_02__B_action_spec__913,strand_02,strand,B_action_spec,913,PLANNED_NOT_RUN,,,,,,
strand_02__C_planar_guide__281,strand_02,strand,C_planar_guide,281,PLANNED_NOT_RUN,,,,,,
strand_02__C_planar_guide__913,strand_02,strand,C_planar_guide,913,PLANNED_NOT_RUN,,,,,,
strand_02__D_geometry_guide__281,strand_02,strand,D_geometry_guide,281,PLANNED_NOT_RUN,,,,,,
strand_02__D_geometry_guide__913,strand_02,strand,D_geometry_guide,913,PLANNED_NOT_RUN,,,,,,
liquid_01__A_direct__281,liquid_01,liquid,A_direct,281,PLANNED_NOT_RUN,,,,,,
liquid_01__A_direct__913,liquid_01,liquid,A_direct,913,PLANNED_NOT_RUN,,,,,,
liquid_01__B_action_spec__281,liquid_01,liquid,B_action_spec,281,PLANNED_NOT_RUN,,,,,,
liquid_01__B_action_spec__913,liquid_01,liquid,B_action_spec,913,PLANNED_NOT_RUN,,,,,,
liquid_01__C_planar_guide__281,liquid_01,liquid,C_planar_guide,281,PLANNED_NOT_RUN,,,,,,
liquid_01__C_planar_guide__913,liquid_01,liquid,C_planar_guide,913,PLANNED_NOT_RUN,,,,,,
liquid_01__D_geometry_guide__281,liquid_01,liquid,D_geometry_guide,281,PLANNED_NOT_RUN,,,,,,
liquid_01__D_geometry_guide__913,liquid_01,liquid,D_geometry_guide,913,PLANNED_NOT_RUN,,,,,,
liquid_02__A_direct__281,liquid_02,liquid,A_direct,281,PLANNED_NOT_RUN,,,,,,
liquid_02__A_direct__913,liquid_02,liquid,A_direct,913,PLANNED_NOT_RUN,,,,,,
liquid_02__B_action_spec__281,liquid_02,liquid,B_action_spec,281,PLANNED_NOT_RUN,,,,,,
liquid_02__B_action_spec__913,liquid_02,liquid,B_action_spec,913,PLANNED_NOT_RUN,,,,,,
liquid_02__C_planar_guide__281,liquid_02,liquid,C_planar_guide,281,PLANNED_NOT_RUN,,,,,,
liquid_02__C_planar_guide__913,liquid_02,liquid,C_planar_guide,913,PLANNED_NOT_RUN,,,,,,
liquid_02__D_geometry_guide__281,liquid_02,liquid,D_geometry_guide,281,PLANNED_NOT_RUN,,,,,,
liquid_02__D_geometry_guide__913,liquid_02,liquid,D_geometry_guide,913,PLANNED_NOT_RUN,,,,,,
